codigo,NOMBRE EFECTOR,DOMICILIO,TIPO EFECTOR,CATEGORIZACION,DEPENDENCIA ADMINISTRATIVA,DEPARTAMENTO,LOCALIDAD,CIUDAD
50460422155699,CAPS LA ROTONDA,AVENIDA CIRCUNVALACIÓN S/N,"Centro de salud ""A""",Establecimiento para la salud sin internación de diagnóstico y tratamiento,Provincial,CHILECITO,CHILECITO,CHILECITO
50460632155525,CENTRO DE SALUD MIRAFLORES,LOC. MIRAFLORES,"Centro de salud ""A""",Establecimiento para la salud,Provincial,GENERAL OCAMPO,AMBIL,GRAL. OCAMPO
52460142155607,CAPS DEPARTAMENTO INTERDICIPLINARIO DE SALUD MENTAL INFANTIL,CALLE EL CHACHO S/N BARRIO HOSPITAL,"Centro de salud ""A""",Establecimiento para la salud,Provincial,CAPITAL,LA RIOJA,LA RIOJA
50460142155235,CAPS TALAMUYUNA ESTACIÓN,"RUTA NAC. 38 SUR, A 34 KM DE CAPITAL","Centro de salud ""A""",Establecimiento para la salud,Provincial,CAPITAL,LA RIOJA,CAPITAL
10460212155009,HOSPITAL DISTRITAL OSVALDO R. POLO,LOS ROBLES S/Nº - LOS ROBLES,Hospital,Establecimiento para la salud con internación,Provincial,SAN BLAS DE LOS SAUCES,SALICAS - SAN BLAS,SAN BLAS DE LOS S.
50461192155139,CENTRO DE SALUD CHAUPIHUASI,"INGRESANDO SOBRE RUTA PROVINCIAL Nº 40, DESVÍO POR CALLE PERPENDICULAR, CRUZAR EL RÍO DE LOS SAUCES, A 300 MTS. A LA IZQUIERDA- AL LADO DE ESCUELA ÂFILOMENA GONDOLOÂ","Centro de salud ""A""",Establecimiento para la salud,Provincial,SAN BLAS DE LOS SAUCES,SALICAS - SAN BLAS,SAN BLAS DE LOS S.
50461192155205,CAPS TUYUBIL,"INGRESANDO SOBRE RUTA PROVINCIAL Nº 11, AL LADO DE ESCUELA DE TUYUBIL.","Centro de salud ""A""",Establecimiento para la salud,Provincial,SAN BLAS DE LOS SAUCES,SALICAS - SAN BLAS,SAN BLAS DE LOS S.
50460632155511,CENTRO DE SALUD LOMA BLANCA,LOC. LOMA BLANCA,"Centro de salud ""A""",Establecimiento para la salud,Provincial,GENERAL BELGRANO,LOMA BLANCA,GRAL. BELGRANO
50460072155655,CENTRO DE SALUD ESTACION MAZAN,"INGRESANDO SOBRE RUTA Nº 60, INGRESANDO POR EL LADO SUR A 15 CUADRAS APROXIMADAMENTE DE ESCUELA PRINCIPAL","Centro de salud ""A""",Establecimiento para la salud,Provincial,ARAUCO,ESTACION MAZAN,ARAUCO
50460072155067,CENTRO DE SALUD BARRIO ESTACION,EN LAS INSTALACIONES DEL CENTRO VECINAL DEL BARRIO ESTACION,"Centro de salud ""A""",Establecimiento para la salud,Provincial,ARAUCO,ARAUCO,ARAUCO
50460492155158,CENTRO DE SALUD LA CUADRA,LOC. LA CUADRA,"Centro de salud ""A""",Establecimiento para la salud,Provincial,FAMATINA,LA CUADRA,CAMPANAS
50460632155517,CENTRO DE SALUD TALVA,LOC. TALVA,"Centro de salud ""A""",Establecimiento para la salud,Provincial,GENERAL BELGRANO,CASTRO BARROS,GRAL. BELGRANO
50460492155058,CENTRO DE SALUD ANGULO,LOC. ANGULO,"Centro de salud ""A""",Establecimiento para la salud,Provincial,FAMATINA,ANGULOS,FAMATINA
50460702155124,CENTRO DE SALUD SOLCA,LOC. SOLCA,"Centro de salud ""A""",Establecimiento para la salud,Provincial,GENERAL JUAN F. QUIROGA,MALANZAN,J. F. QUIROGA
50460282155143,CENTRO DE SALUD BANDA FLORIDA,"INGRESANDO SOBRE RUTA PROVINCIAL Nº 76, SOBRE MANO IZQUIERDA","Centro de salud ""A""",Establecimiento para la salud,Provincial,CORONEL FELIPE VARELA,VILLA UNION,FELIPE VARELA
50460282155274,CENTRO DE SALUD BARRIO VALDIVIELSO,CALLE S/N BARRIO SAN HECTOR VALDIVIELSO SAENZ,"Centro de salud ""A""",Establecimiento para la salud,Provincial,CORONEL FELIPE VARELA,VILLA UNION,FELIPE VARELA
50460282155169,CENTRO DE SALUD PATILLOS,"INGRESANDO POR RUTA Nº 40, EN EL PARAJE LAS HIGUERITAS, A LA DERECHA, HACER 5 KM. GIRAR A LA DERECHA E INGRESAR A LOS PATILLOS, LA PRIMERA CALLE A LA DERECHA A 100 MTS. DE ESCUELA PRINCIPAL.","Centro de salud ""A""",Establecimiento para la salud,Provincial,CORONEL FELIPE VARELA,AICUNA,FELIPE VARELA
50460492155170,CENTRO DE SALUD EL POTRERILLO - FAMATINA - CAMPANAS,LOC. EL POTRERILLO,"Centro de salud ""A""",Establecimiento para la salud,Provincial,FAMATINA,ALTO CARRIZAL,FAMATINA
50460912155074,CENTRO DE SALUD AGUAYO,"ENTRE RUTA Nº 79, LLEGANDO A ULAPES Y SIGUIENDO POR RUTA Nº 79, HACIENDO 25 KM. POR CAMINO DE TIERRA.","Centro de salud ""A""",Establecimiento para la salud,Provincial,GENERAL SAN MARTÍN,ULAPES,SAN MARTIN
50461052155182,CENTRO DE SALUD REPRESA DE LA PUNTA,"INGRESANDO SOBRE RUTA Nº 150, KM 65-67- AL LADO DE ESCUELA PRINCIPAL","Centro de salud ""A""",Establecimiento para la salud,Provincial,INDEPENDENCIA,AMANA,INDEPENDENCIA
50460772155280,CENTRO DE SALUD BELLA VISTA - LAMADRID,"INGRESANDO POR RUTA PROVINCIAL Nº 76, DESDE EL HOSPITAL SE LLEGA A PLAZA PRINCIPAL, DOBLANDO A LA DERECHA, A 1 KM., INGRESANDO POR LA IZQUIERDA.","Centro de salud ""A""",Establecimiento para la salud,Provincial,GENERAL LAMADRID,VILLA CASTELLI,LAMADRID
50460982155279,CENTRO DE SALUD BAJO JAGUE,"INGRESANDO POR RUTA PROVINCIAL Nº 76, CARTEL INDICADOR, EN CAMINOS DE TIERRA, SIGUIENDO 15 CUADRAS, HASTA LLEGAR AL CENTRO DE SALUD","Centro de salud ""A""",Establecimiento para la salud,Provincial,VINCHINA,JAGUE,VINCHINA
50460982155055,CENTRO DE SALUD ALTO JAGUE,"INGRESANDO POR RUTA Nº 76, A CUADRA PRINCIPAL, 10 CUADRAS DE PUESTO CAMINERO.","Centro de salud ""A""",Establecimiento para la salud,Provincial,VINCHINA,JAGUE,VINCHINA
50460142155146,CENTRO DE SALUD EL CARDON,"INGRESANDO POR RUTA Nº 40, EN EL PARAJE LAS HIGUERITAS, GIRAR A LA DERECHA 5 KM. EN DIAGONAL LOS PATILLOS, A 5 KM. SE LLEGA A EL CARDON, EL CPS ESTA UBICADO A 15 MTS A MANO DERECHA.","Centro de salud ""A""",Establecimiento para la salud,Provincial,CORONEL FELIPE VARELA,AICUNA,FELIPE VARELA
50460422155173,CENTRO DE SALUD PARCELAS DE MALLIGASTA,MALLIGASTA,"Centro de salud ""A""",Establecimiento para la salud,Provincial,CHILECITO,MALLIGASTA,CHILECITO
50460632155523,CENTRO DE SALUD BAJO HONDO - CHAÑAR,"INGRESANDO POR RUTA Nº 38 HASTA CHAÑAR HACIA EL NORTE, POR CAMINO DE TIERRA, DOBLANDO A MANO IZQUIERDA, EL CPS ESTA UBICADO AL LADO DE LA ESCUELA PRINCIPAL.","Centro de salud ""A""",Establecimiento para la salud,Provincial,GENERAL BELGRANO,CASTRO BARROS,GRAL. BELGRANO
50460632155520,CENTRO DE SALUD LA CIENAGA,LOC. LA CIÉNAGA,"Centro de salud ""A""",Establecimiento para la salud,Provincial,GENERAL BELGRANO,CASTRO BARROS,GRAL. BELGRANO
50460492155177,CENTRO DE SALUD PLAZA VIEJA,LOC. FAMATINA,"Centro de salud ""A""",Establecimiento para la salud,Provincial,FAMATINA,PLAZA VIEJA,FAMATINA
50460702155095,CENTRO DE SALUD LA CHIMENEA,POR CAMINO DE TIERRA A 3 KM. DE CHEPES.,"Centro de salud ""A""",Establecimiento para la salud,Provincial,GENERAL JUAN F. QUIROGA,MALANZAN,J. F. QUIROGA
50460912155133,CENTRO DE SALUD SAN SOLANO,"POR RUTA Nº 79, INGRESANDO A ULAPES, BAJAR POR RUTA Nº 33 A 35 KM. AL LADO DE ESCUELA PRINCIPAL","Centro de salud ""A""",Establecimiento para la salud,Provincial,GENERAL SAN MARTÍN,ULAPES,SAN MARTIN
50460702155076,CENTRO DE SALUD ATILES,"DESDE PAQUIA HASTA PUNTA DE LOS LLANOS, INGRESAR Y SEGUIR HASTA TAMA, POR PARAJE 38, CAMINO DE TIERRA.","Centro de salud ""A""",Establecimiento para la salud,Provincial,GENERAL JUAN F. QUIROGA,MALANZAN,J. F. QUIROGA
50460632155519,CENTRO DE SALUD CORTADERA - BELGRANO,LOC. CORTADERAS,"Centro de salud ""A""",Establecimiento para la salud,Provincial,GENERAL BELGRANO,CASTRO BARROS,GRAL. BELGRANO
50461192155198,CAPS SCHAQUI,"INGRESANDO SOBRE RUTA PROVINCIAL Nº 40, DESVÍO HACIA CALLE PERPENDICULAR S/N, A 200 MTS. A ANO DERECHA.","Centro de salud ""A""",Establecimiento para la salud,Provincial,SAN BLAS DE LOS SAUCES,SALICAS - SAN BLAS,SAN BLAS DE LOS S.
50460492155062,CENTRO DE SALUD BAJO CARRIZAL,LOC. FAMATINA,"Centro de salud ""A""",Establecimiento para la salud,Provincial,FAMATINA,BAJO CARRIZAL,FAMATINA
50460842155544,CENTRO DE SALUD LOS ALANICES,LOC. LOS ALCANICES,"Centro de salud ""A""",Establecimiento para la salud,Provincial,GENERAL OCAMPO,AMBIL,GRAL. OCAMPO
50460842155481,CENTRO DE SALUD SAN RAMON - ROMERO - GRAL. OCAMPO,LOC. SAN RAMÓN,"Centro de salud ""A""",Establecimiento para la salud,Provincial,GENERAL OCAMPO,AMBIL,GRAL. OCAMPO
50460562155533,CENTRO DE SALUD BAJO VERDE,"SOBRE RUTA PROVINCIAL Nº 29, CARTEL INDICA ÂEL ALTOÂ SOBRE LA DERECHA.","Centro de salud ""A""",Establecimiento para la salud,Provincial,GENERAL ANGEL V. PEÑALOZA,PUNTA DE LOS LLANOS,A. V. PEÑALOZA
50460212155674,CENTRO DE SALUD SANTA VERA CRUZ - CASTRO BARROS,"INGRESANDO SOBRE RUTA Nº 75, GIRANDO A LA IZQUIERDA 5 KM, CALLE PRINCIPAL, AL LADO DE LA IGLESIA","Centro de salud ""A""",Establecimiento para la salud,Provincial,CASTRO BARROS,SANTA VERA CRUZ,CASTRO BARROS
50460142155207,CENTRO DE SALUD VIRGEN DE LA PEÑA,"SANTA TERESITA S/N, BARRIO VIRGEN DE LA PEÑA, INGRESANDO POR RUTA Nº 76.","Centro de salud ""A""",Establecimiento para la salud,Provincial,CORONEL FELIPE VARELA,AICUNA,FELIPE VARELA
50460072155068,CAPS BARRIO INMACULADA II,"CALLE 25 DE MAYO S/N, BARRIO INAMCULADA II","Centro de salud ""A""",Establecimiento para la salud,Provincial,ARAUCO,ARAUCO,ARAUCO
50460072155064,CENTRO DE SALUD BAÑADO DE LOS PANTANOS,"INGRESANDO POR RUTA Nº 40, A 9 KM. DE AIMOGASTA, GIRANDO A LA DERECHA- AL LADO DE ESCUELA PRINCIPAL","Centro de salud ""A""",Establecimiento para la salud,Provincial,ARAUCO,BANADO DE LOS PANTANOS,ARAUCO
50461192155142,CAPS CUIPAN,"INGRESANDO SOBRE RUTA PROVINCIAL Nº 40, A 2 CUADRAS DE JARDÍN DE INFANTES NÚCLEO Nº 8.","Centro de salud ""A""",Establecimiento para la salud,Provincial,SAN BLAS DE LOS SAUCES,SALICAS - SAN BLAS,SAN BLAS DE LOS S.
,CENTRO DE SALUD CARRIZAL,"SOBRE RUTA 29, A 35 KM. DE TAMA, AL FRENTE DE ESCUELA PRINCIPAL","Centro de salud ""A""",Sin especificar,Provincial,GENERAL ANGEL V. PEÑALOZA,PUNTA DE LOS LLANOS,A. V. PEÑALOZA
,CENTRO DE SALUD CORTADERAS - GRAL. O. DE OCAMPO,"SOBRE RUTA Nº 79, SITUADO EN LA ENTRADA DE EL QUEMADO, APROXIMADAMENTE A 50 KM. DEL HOSPITAL DE CATUNA.","Centro de salud ""A""",Sin especificar,Provincial,GENERAL OCAMPO,AMBIL,INDEPENDENCIA
50460912155106,CENTRO DE SALUD NUEVA ESPERANZA,"POR RUTA N º 79, PASANDO ULAPES AL SUR 45 KM. POR CAMINO DE TIERRA.","Centro de salud ""A""",Establecimiento para la salud,Provincial,GENERAL SAN MARTÍN,ULAPES,SAN MARTIN
,CENTRO DE SALUD CHUNAHUASI,"CALLE PUBLICA S/N INGRESANDO SOBRE RUTA Nº 40, ENTREAR POR CALLE PRINCIPAL DE CHAUPIHUASI, DESVIO HASTA LLEGAR A RUTA DEL CARRIL, DOBLAR A LA DERECHA, ENTRANDO A LA LOCALIDAD.","Centro de salud ""A""",Sin especificar,Provincial,SAN BLAS DE LOS SAUCES,SALICAS - SAN BLAS,SAN BLAS DE LOS S.
,CENTRO DE SALUD LAS AGUADITAS,"SOBRE RUTA N 29, A 20 KM. DE TAMA UBICADO AL LADO DE ESCUELA PRINCIPAL","Centro de salud ""A""",Sin especificar,Provincial,GENERAL ANGEL V. PEÑALOZA,PUNTA DE LOS LLANOS,A. V. PEÑALOZA
50460632155522,CENTRO DE SALUD CASTRO BARROS,SOBRE RUTA Nº 38 A 23 KM. A MANO DERECHA EL CPS ESTA UBICADO A 1 CUADRA Y MEDIA DE LA RUTA.,"Centro de salud ""A""",Establecimiento para la salud,Provincial,GENERAL BELGRANO,CASTRO BARROS,GRAL. BELGRANO
10460562155013,HOSPITAL GDOR. J. F. DE LA VEGA,BAZÁN Y BUSTOS S/Nº - TAMA,Hospital,Establecimiento para la salud con internación,Provincial,GENERAL ANGEL V. PEÑALOZA,TAMA,A. V. PEÑALOZA
10460702155011,HOSPITAL DISTRTAL GREGORIO CHAVEZ,PRINCIPAL S/Nº - MALANZÁN,Hospital,Establecimiento para la salud con internación,Provincial,GENERAL JUAN F. QUIROGA,MALANZAN,J. F. QUIROGA
10460212155015,HOSPITAL DISTRITAL MOHIBE AKIL DE MENEM - CASTRO BARROS,"LOS TEREBINTOS S/N- (INGRESANDO SOBRE RUTA Nº 75, GIRANDO A LA IZQUIERDA, SUBIR HASTA LLEGAR A HOSTERÍA, SEGUIR 10 CUADRAS, GIRAR A LA DERECHA 50 MTS.)",Hospital,Establecimiento para la salud con internación,Provincial,CASTRO BARROS,ANILLACO,CASTRO BARROS
50460142155155,CAPS JOSE SIMONE,CALLE ATLÁNTICO SUR S7N ENTRE AVENIDA LUIS VERNET Y VICUÑA,"Centro de salud ""A""",Establecimiento para la salud,Provincial,CAPITAL,LA RIOJA,LA RIOJA
10460142155022,HOSPITAL ESCUELA Y DE CLINICAS VIRGEN MARIA DE FATIMA,AV. LUIS VERNET Y ESQ. AV. ORTIZ DE OCAMPO,Hospital,Establecimiento para la salud con internación especializada,Provincial,CAPITAL,LA RIOJA,LA RIOJA
50460352155503,CENTRO INTEGRADOR TRES ESQUINAS,CALLE PUBLICA CIUDAD DE CHAMICAL,"Centro de salud ""A""",Establecimiento para la salud,Municipal,CHAMICAL,CHAMICAL,CHAMICAL
50460422155122,CENTRO DE SALUD SANTA FLORENTINA,CHILECITO,"Centro de salud ""A""",Establecimiento para la salud,Provincial,CHILECITO,CHILECITO,CHILECITO
50460422155080,CENTRO DE SALUD CASTRO Y BAZAN,LOC. CHILECITO,"Centro de salud ""A""",Establecimiento para la salud,Provincial,CHILECITO,CHILECITO,CHILECITO
50460422155108,CENTRO DE SALUD BARRIO PAIMAN,CHILECITO,"Centro de salud ""A""",Establecimiento para la salud,Provincial,CHILECITO,CHILECITO,CHILECITO
50460422155089,CENTRO DE SALUD INDEPENDENCIA,LOC. CHILECITO,"Centro de salud ""A""",Establecimiento para la salud,Provincial,CHILECITO,CHILECITO,CHILECITO
50460422155075,CENTRO DE SALUD ALTOS DE CHILECITO,CHILECITO,"Centro de salud ""A""",Establecimiento para la salud,Provincial,CHILECITO,CHILECITO,CHILECITO
50460352155156,CENTRO DE SALUD AGUADITA,LOC. LA AGUADITA,"Centro de salud ""A""",Establecimiento para la salud,Provincial,CHAMICAL,CHAMICAL,CHAMICAL
50460422155548,CENTRO DE SALUD SAN VICENTE,CALLE FLORENCIO DÁVILA S/NOC. NONOGASTA,"Centro de salud ""A""",Establecimiento para la salud,Provincial,CHILECITO,CHILECITO,CHILECITO
50460422155484,CENTRO DE SALUD SAN MIGUEL,LOC. CHILECITO,"Centro de salud ""A""",Establecimiento para la salud,Provincial,CHILECITO,CHILECITO,CHILECITO
50460352155070,CENTRO DE SALUD BELLA VISTA - CHAMICAL - LUIS AGOTE,LOC. BELLA VISTA,"Centro de salud ""A""",Establecimiento para la salud,Provincial,CHAMICAL,CHAMICAL,CHAMICAL
50460352155166,CENTRO DE SALUD LOS BARRIALES,LOC. LOS BARRIALES,"Centro de salud ""A""",Establecimiento para la salud,Provincial,CHAMICAL,CHAMICAL,CHAMICAL
50460352155665,CENTRO DE SALUD EL RETAMO,LOC. EL RETAMO,"Centro de salud ""A""",Establecimiento para la salud,Provincial,CHAMICAL,CHAMICAL,CHAMICAL
50460352155513,CENTRO DE SALUD SANTA RITA DE LA ZANJA,LOC. SANTA RITA DE LA ZANJA,"Centro de salud ""A""",Establecimiento para la salud,Provincial,CHAMICAL,CHAMICAL,CHAMICAL
,CENTRO DE SALUD SAN NICOLAS,DISTRITO SAN NICOLAS- CHILECITO,"Centro de salud ""A""",Sin especificar,Provincial,CHILECITO,CHILECITO,CHILECITO
53460422155506,VACUNATORIO CENTRAL ZONA SANITARIA III,AVDA CIRCUANVALACIÓN S/N,"Centro de salud ""A""",Establecimiento para la salud sin internación,Provincial,CHILECITO,CHILECITO,CHILECITO
50461122155092,CENTRO DE SALUD KOLPING,"POR RUTA Nº 29 , INGRESANDO POR AV. 9 DE JULIO, GIRANDO A MANO IZQUIERDA POR AV. SAN MARTÍN, INGRESANDO POR AV. COLON A 2 CUADRAS POR MANO IZQUIERDA FRENTE A LA ESCUELA Nº 255","Centro de salud ""A""",Establecimiento para la salud,Provincial,ROSARIO VERA PEÑALOZA,CHEPES,R. V. PEÑALOZA
50461122155086,CENTRO DE SALUD EL TALA - R. VERA PEÑALOZA,"AL SUR 60 KM., CAMINO DE TIERRA, INGRESAR A 35 KM., CAMINO DE TIERRA.","Centro de salud ""A""",Establecimiento para la salud,Provincial,ROSARIO VERA PEÑALOZA,CHEPES,R. V. PEÑALOZA
50461122155096,CENTRO DE SALUD LA JARILLA,"POR RUTA Nº 29 Y AV. 9 DE JULIO HASTA BELGRANO, POR RUTA Nº 29 Y AV. 9 DE JULIO HASTA BELGRANO HACIA EL SUR A 8 KM. INGRESA POR MANO IZQUIERDA A 22 KM.","Centro de salud ""A""",Establecimiento para la salud,Provincial,ROSARIO VERA PEÑALOZA,CHEPES,R. V. PEÑALOZA
50461122155127,CENTRO DE SALUD VILLA CASANA,"POR RUTA Nº 29 A CHEPES, POR AV. 9 DE JULIO HASTA BELGRANO, MANO IZQUIERDA, GIRAR A 45 KM. CAMINO DE TIERRA.","Centro de salud ""A""",Establecimiento para la salud,Provincial,ROSARIO VERA PEÑALOZA,CHEPES,R. V. PEÑALOZA
10460632155024,HOSPITAL SECC. CHAÑAR,SAN MARTIN 614 - CHAÑAR,Hospital,Establecimiento para la salud con internación,Provincial,GENERAL BELGRANO,CHANAR,GRAL. BELGRANO
50461122155107,CENTRO DE SALUD NOQUEVES,POR RUTA Nº 29 APROXIMADAMENTE A 217 KM. POR MANO IZQUIERDA.,"Centro de salud ""A""",Establecimiento para la salud,Provincial,ROSARIO VERA PEÑALOZA,CHEPES,R. V. PEÑALOZA
50461122155081,CENTRO DE SALUD CHELCOS,"SOBRE RUTA Nº 79, POR LA CALLE 9 DE JULIO, DEL HOSPITAL A 1 ½ CRUZANDO EL FERROCARRIL SE SIGUE POR 7 KM. POR CAMINO VECINAL. CPS UBICADO AL FRENTE DE ESCUELA PRINCIPAL.","Centro de salud ""A""",Establecimiento para la salud,Provincial,ROSARIO VERA PEÑALOZA,CHEPES,R. V. PEÑALOZA
50461122155110,CENTRO DE SALUD EL POTRERILLO - R. VERA PEÑALOZA,SOBRE RUTA Nº 79 APROXIMADAMENTE A 8 KM. DOBLAR A MANO DERECHA 5 KM. CPS UBICADO AL FRENTE DE ESCUELA PRINCIPAL.,"Centro de salud ""A""",Establecimiento para la salud,Provincial,ROSARIO VERA PEÑALOZA,CHEPES,R. V. PEÑALOZA
50460142155247,CAPS EL TALA,"RUTA NAC. 38 SUR, A 49 KM DE CAPITAL","Centro de salud ""A""",Establecimiento para la salud,Provincial,CAPITAL,LA RIOJA,CAPITAL
50460072155654,CENTRO DE SALUD SANTA TERESITA,"INGRESANDO POR RUTA PROV. 60, INGRESANDO 2 KM. AL NORTE POR RUTA PROV. Nº 10- A 2 CUADRAS DE ESCUELA PRINCIPAL","Centro de salud ""A""",Establecimiento para la salud,Provincial,ARAUCO,TERMAS DE SANTA TERESITA,ARAUCO
50460422155078,CENTRO DE SALUD EL PARQUE,CHILECITO,"Centro de salud ""A""",Establecimiento para la salud,Provincial,CHILECITO,CHILECITO,CHILECITO
50461122155098,CENTRO DE SALUD LAS TOSCAS,"INGRESAR POR PELAGIO B. LUNA A MANO DERECHA POR AV. SAN MARTÍN, A LA IZQUIERDA POR CALLE ALBERDI HASTA 20 DE JUNIO GIRANDO A MANO IZQUIERDA 1 CUADRA PASANDO EL POLIDEPORTIVO.","Centro de salud ""A""",Establecimiento para la salud,Provincial,ROSARIO VERA PEÑALOZA,CHEPES,R. V. PEÑALOZA
50460352155666,CENTRO DE SALUD EL QUEBRACHAL,LOC. EL QUEBRACHAL,"Centro de salud ""A""",Establecimiento para la salud,Provincial,CHAMICAL,CHAMICAL,CHAMICAL
50460352155194,CENTRO DE SALUD SANTA BARBARA,LOC. SANTA BÁRBARA,"Centro de salud ""A""",Establecimiento para la salud,Provincial,CHAMICAL,CHAMICAL,CHAMICAL
50461122155087,CENTRO DE SALUD EL TOTORAL,"POR RUTA Nº 29, LLEGANDO A CHEPES, SIGUIENDO POR LA MISMA RUTA HASTA LLEGAR AL KM. 47 APROXIMADAMENTE.","Centro de salud ""A""",Establecimiento para la salud,Provincial,ROSARIO VERA PEÑALOZA,CHEPES,R. V. PEÑALOZA
52460142355475,CENTRO DE DIA MAKIPURA,9 DE JULIO 273,"Centro de salud ""A""",Establecimiento para la salud sin internación de diagnóstico y tratamiento,Provincial,CAPITAL,LA RIOJA,CAPITAL
50460142155610,DIRECCIÓN DE ODONTOLOGÍA,PELAGIO B. LUNA 309,"Centro de salud ""A""",Establecimiento para la salud,Provincial,CAPITAL,LA RIOJA,LA RIOJA
50460142155181,CAPS PUERTO DEL VALLE,"RUTA PCIAL. 6, KM 100","Centro de salud ""A""",Establecimiento para la salud,Provincial,CAPITAL,LA RIOJA,CAPITAL
50460072155268,CENTRO DE SALUD SAN PIO DE AIMOGASTA,CALLE 20 DE MAYO S/N BARRIO CENTRO,"Centro de salud ""A""",Establecimiento para la salud,Provincial,ARAUCO,AIMOGASTA,ARAUCO
53460142155294,VACUNATORIO CENTRAL DOCTORA LILIANA DE DIAZ CARREÑO,CALLE TUPAC AMARÚ BARRIO HOSPITAL AL LADO DEL NUROPSIQUIATRICO,"Centro de salud ""A""",Establecimiento para la salud,Provincial,CAPITAL,LA RIOJA,LA RIOJA
50460072155172,CENTRO DE SALUD MACHIGASTA,"CALLE PRINCIPAL, AL COMIENZO DE BARRIO LA PLAZA- 500 MTS. ANTES DE LA IGLESIA","Centro de salud ""A""",Establecimiento para la salud,Provincial,ARAUCO,AIMOGASTA,ARAUCO
50460072155069,CENTRO DE SALUD TALACAN,"CALLE BELGRANO S/N Bº TALACAN, A 10 MTS. DE LA CAPILLA DE SAN ANTONIO","Centro de salud ""A""",Establecimiento para la salud,Provincial,ARAUCO,AIMOGASTA,AIMOGASTA
52460142155659,CENTRO DE DIAGNOSTICO Y TRATAMIENTO DE ENFERMEDADES TRANSMISIBLES,PELAGIO B. LUNA 858- BARRIO CENTRO,Laboratorio,Establecimiento para la salud sin internación de diagnóstico y tratamiento,Provincial,CAPITAL,LA RIOJA,LA RIOJA
50460142155117,CAPS SAN JOSE,CALLE TENIENTE SIGORRAGA Y CABO PEREZ BARRIO 4 DE JUNIO,"Centro de salud ""A""",Establecimiento para la salud,Provincial,CAPITAL,LA RIOJA,CAPITAL
50461192155187,CAPS SAN BLAS DE LOS SAUCES,"INGRESANDO SOBRE RUTA PROVINCIAL Nº 40, EN LOCALIDAD DE SAN BLAS, AL LADO DE ESCUELA ESPECIAL Nº 3.","Centro de salud ""A""",Establecimiento para la salud,Provincial,SAN BLAS DE LOS SAUCES,SALICAS - SAN BLAS,SAN BLAS DE LOS SAUCES
50460702155112,CENTRO DE SALUD PULUCHAN,"SOBRE RUTA Nº 28, PASANDO LA LOCALIDAD DE POTREROS A 10 KM. HACIA EL SUR.","Centro de salud ""A""",Establecimiento para la salud,Provincial,GENERAL JUAN F. QUIROGA,MALANZAN,J. F. QUIROGA
50460352155512,CENTRO DE SALUD ESQUINA DEL NORTE,LOC. ESQUINA DEL NORTE,"Centro de salud ""A""",Establecimiento para la salud,Provincial,CHAMICAL,CHAMICAL,CHAMICAL
50460142155229,CAPS NANCY GALLEGO,"INGRESANDO POR RUTA Nº 38, INGRESANDO 2 CUADRAS SOBRE CALLE DE FINCA VILLA REGINA, EN LAS INSTALACIONES DEL CENTRO VECINAL DEL BARRIO EDUARDO MENEM","Centro de salud ""A""",Establecimiento para la salud,Provincial,CAPITAL,LA RIOJA,LA RIOJA
50460422155118,CENTRO DE SALUD SAN NICOLAS - NONOGASTA - CHILECITO,CALLE NICOLÁS CELIZ BARRIO PUQUIAL,"Centro de salud ""A""",Establecimiento para la salud,Provincial,CHILECITO,SAN NICOLAS,CHILECITO
50460702155103,CENTRO DE SALUD MASCASIN,LOC. MASCASIN,"Centro de salud ""A""",Establecimiento para la salud,Provincial,GENERAL JUAN F. QUIROGA,MALANZAN,J. F. QUIROGA
50460492155196,CENTRO DE SALUD SANTA CRUZ - FAMATINA,LOC. SANTA CRUZ,"Centro de salud ""A""",Establecimiento para la salud,Provincial,FAMATINA,SANTA CRUZ,CAMPANAS
50460072155072,CENTRO DE SALUD AGUA BLANCA,"INGRESANDO SOBRE RUTA Nº 75, POR EL LADO DERECHO A 4 CUADRAS, CON UN MÁSTIL AL FRENTE","Centro de salud ""A""",Establecimiento para la salud,Provincial,CASTRO BARROS,AMINGA,CASTRO BARROS
50460562155531,CENTRO DE SALUD CHILA,SOBRE RUTA Nº 29 FRENTE A LA ESCUELA PRINCIPAL DE LA LOCALIDAD,"Centro de salud ""A""",Establecimiento para la salud,Provincial,GENERAL ANGEL V. PEÑALOZA,PUNTA DE LOS LLANOS,A. V. PEÑALOZA
50460422155077,CENTRO DE SALUD MAYO,LOC. CHILECITO,"Centro de salud ""A""",Establecimiento para la salud,Provincial,CHILECITO,CHILECITO,CHILECITO
50460492155054,CENTRO DE SALUD ALTO CARRIZAL,LOC. FAMATINA,"Centro de salud ""A""",Establecimiento para la salud,Provincial,FAMATINA,ALTO CARRIZAL,FAMATINA
50460702155175,CENTRO DE SALUD NACATE,LOC. NACATE,"Centro de salud ""A""",Establecimiento para la salud,Provincial,GENERAL JUAN F. QUIROGA,NACATE,J. F. QUIROGA
50460632155164,CENTRO DE SALUD LAS PEÑAS,"SOBRE RUTA Nº 75, APROXIMADAMENTE A KM. 57, GIRAR A MANO DERECHA, FRENTE A PLAZA PRINCIPAL.","Centro de salud ""A""",Establecimiento para la salud,Provincial,CASTRO BARROS,LAS PENAS,CASTRO BARROS
50460492155065,CENTRO DE SALUD GALLI,LOC. FAMATINA,"Centro de salud ""A""",Establecimiento para la salud,Provincial,FAMATINA,ALTO CARRIZAL,FAMATINA
50460492155486,CENTRO DE SALUD ANTINACO,LOC. ANTINACO,"Centro de salud ""A""",Establecimiento para la salud,Provincial,FAMATINA,ANTINACO,PITUIL
50460702155120,CENTRO DE SALUD SAN RAMON - EL PORTEZUELO - J. F. QUIROGA,"INGRESANDO POR RUTA Nº 28, APROXIMADAMENTE 35 KM. ANTES DE LLEGAR A PORTEZUELO, UBICADA AL LADO LA IGLESIA, A CONTINUACIÓN DE PLAZA PRINCIPAL.","Centro de salud ""A""",Establecimiento para la salud,Provincial,GENERAL JUAN F. QUIROGA,MALANZAN,J. F. QUIROGA
50460422155101,CENTRO DE SALUD LOS SARMIENTOS,LOC. LOS SARMIENTOS,"Centro de salud ""A""",Establecimiento para la salud,Provincial,CHILECITO,LOS SARMIENTOS,CHILECITO
50460282155152,CENTRO DE SALUD EL ZAPALLAR,"CONTINUACION CALLE COPIAPO, CAMINO A EL ZAPALLAR, EDIFICIO BLANCO, A 100 MTS. DE ESCUELA PRINCIPAL.","Centro de salud ""A""",Establecimiento para la salud,Provincial,CORONEL FELIPE VARELA,AICUNA,FELIPE VARELA
50460632155526,CENTRO DE SALUD SIMBOLAR,"SOBRE RUTA Nº 79 DE CHAÑAR LLENDO CABÍA OLTA, A 5 KM. APROXIMADAMENTE A MANO IZQUIERDA.","Centro de salud ""A""",Establecimiento para la salud,Provincial,GENERAL BELGRANO,CASTRO BARROS,GRAL. BELGRANO
50460282155162,CENTRO DE SALUD LAS CUEVAS,"CONTINUACION CALLE COPIAPO, SE CONVIERTE CAMINO HUELLA, FUNCIONA EN CASA DE FAMILIA, PEGADO A LA IGLESIA.","Centro de salud ""A""",Establecimiento para la salud,Provincial,CORONEL FELIPE VARELA,AICUNA,FELIPE VARELA
50460422155203,CENTRO DE SALUD TILIMUQUI,LOC. TILIMUQUI,"Centro de salud ""A""",Establecimiento para la salud,Provincial,CHILECITO,TILIMUQUI,CHILECITO
50460422155482,CENTRO DE SALUD ANGUINAN II,LOC. ANGUINAN,"Centro de salud ""A""",Establecimiento para la salud,Provincial,CHILECITO,COLONIA ANGUINAN,CHILECITO
50460982155179,CENTRO DE SALUD POTRERO GRANDE,"INGRESANDO POR RUTA PROVINCIAL Nº 76, A 30 KM. CAMINOS A LA DERECHA DE TIERRA, A 50 KM. EL PUESTO","Centro de salud ""A""",Establecimiento para la salud,Provincial,VINCHINA,JAGUE,VINCHINA
50460982155276,CENTRO DE SALUD LA BANDA,"INGRESANDO POR RUTA PROVINCIAL Nº 76, A 10 MTS. POR EL PUESTO CAMINERO","Centro de salud ""A""",Establecimiento para la salud,Provincial,VINCHINA,JAGUE,VINCHINA
50460632155059,CENTRO DE SALUD ANJULLON,"CALLE PRINCIPAL S/N, SOBRE RUTA Nº 75, COMIENZO DEL PUEBLO, A 2 CUADRAS Y SE GIRA A LA DERECHA 1 ½ CUADRA.","Centro de salud ""A""",Establecimiento para la salud,Provincial,CASTRO BARROS,ANJULLON,CASTRO BARROS
50460492155138,CENTRO DE SALUD CHAÑARMUYO,LOC. CHAÑARMUYO,"Centro de salud ""A""",Establecimiento para la salud,Provincial,FAMATINA,CHANARMUYO,PITUIL
50460492155171,CENTRO DE SALUD LOS TAMBILLOS,"SOBRE RUTA Nº 40, A MITAD DE LA LOCALIDAD, EN DIAGONAL A ESCUELA PRINCIPAL, A 5 KM. DEL PARAJE LAS HIGUERITAS.","Centro de salud ""A""",Establecimiento para la salud,Provincial,CORONEL FELIPE VARELA,AICUNA,FELIPE VARELA
50460352155178,CENTRO DE SALUD POLCO,LOC. POLCO,"Centro de salud ""A""",Establecimiento para la salud,Provincial,CHAMICAL,POLCO,CHAMICAL
50460282155168,CENTRO DE SALUD LOS PALACIOS,"INGRESANDO A MANO IZQUIERDA SOBRE RUTA Nº 76, A 2 CUADRAS DE PLAZA PRINCIPAL.","Centro de salud ""A""",Establecimiento para la salud,Provincial,CORONEL FELIPE VARELA,LOS PALACIOS,FELIPE VARELA
50460842155478,CENTRO DE SALUD LA PAMPA,LOC. EL MILAGRO,"Centro de salud ""A""",Establecimiento para la salud,Provincial,GENERAL OCAMPO,AMBIL,GRAL. OCAMPO
50460632155524,CENTRO DE SALUD MONTE GRANDE,SOBRE RUTA Nº 26 UBICADO A 10 KM. DE LA RUTA.,"Centro de salud ""A""",Establecimiento para la salud,Provincial,GENERAL BELGRANO,CASTRO BARROS,GRAL. BELGRANO
50460282155273,CENTRO DE SALUD PUERTO ALEGRE,"POR RUTA Nº 40, A 23 KM. DE PAGANCILLO, A 100 MTS., AL LADO DE LA ESCUELA, EL PRIMER CPS QUE SE ENCUENTRA.","Centro de salud ""A""",Establecimiento para la salud,Provincial,CORONEL FELIPE VARELA,AICUNA,FELIPE VARELA
50461122155126,CENTRO DE SALUD VALLE HERMOSO - R. VERA PEÑALOZA,POR RUTA Nº 29 RECORRER 27 KM. APROXIMADAMENTE A MANO DERECHA 15 KM.,"Centro de salud ""A""",Establecimiento para la salud,Provincial,ROSARIO VERA PEÑALOZA,CHEPES,R. V. PEÑALOZA
50460912155082,CENTRO DE SALUD CORRAL DE ISAAC,"POR RUTA Nº 79, A ULAPES AL SALIR POR CAMINO DE TIERRA AL SUR A 66 KM.","Centro de salud ""A""",Establecimiento para la salud,Provincial,GENERAL SAN MARTÍN,ULAPES,SAN MARTIN
50460282155185,CENTRO DE SALUD SAN BERNARDO - FELIPE VARELA,"CONTINUACION CALLE COPIAPO AL SEDESTE, A 150 MTS. DE ESCUELA PRINCIPAL, EDIFICIO BLANCO CON PORTON COLOR VERDE.","Centro de salud ""A""",Establecimiento para la salud,Provincial,CORONEL FELIPE VARELA,AICUNA,FELIPE VARELA
50461122155657,CENTRO DE SALUD LAS CAÑADITAS,"SOBRE RUTA Nº 29, CAMINO A CHEPES, PASANDO LA LOCALIDAD DE YLLISCA, A 3 KM. POR MANO DERECHA, RECORRIENDO 10 KM. POR CAMINO DE TIERRA.","Centro de salud ""A""",Establecimiento para la salud,Provincial,GENERAL JUAN F. QUIROGA,PORTEZUELO,EL PORTEZUELO
50460702155115,CENTRO DE SALUD SAN ANTONIO,"DESDE EL HOSPITAL DE PORTEZUELO, A 36 KM. HASTA LLEGAR A LOCALIDAD DE SAN ANTONIO, SOBRE RUTA Nº 29, LLEGANDO A LA ENTRADA DEL MISMO, HASTA MONUMENTO JUAN F. QUIROGA, INGRESANDO 2 CUADRAS, CPS UBICADO AL LADO DE ESCUELA PRINCIPAL.","Centro de salud ""A""",Establecimiento para la salud,Provincial,GENERAL JUAN F. QUIROGA,SAN ANTONIO,J. F. QUIROGA
50461192155053,CAPS ALPASINCHE,"INGRESANDO SOBRE RUTA PROVINCIAL Nº 40, ACCESO NORTE DEL DEPARTAMENTO","Centro de salud ""A""",Establecimiento para la salud,Provincial,SAN BLAS DE LOS SAUCES,SALICAS - SAN BLAS,SAN BLAS DE LOS S.
50460982155278,CENTRO DE SALUD DISTRITO PUEBLO,"INGRESANDO POR RUTA PROVINCIAL Nº 76 VINCHINA, DEL MONUMENTO ARRERO CORDILLERANO, SE REALIZAN 2 CUADRAS HASTA LA PLAZA PRINCIPAL, AL LADO DE IGLESIA POMPEYA","Centro de salud ""A""",Establecimiento para la salud,Provincial,VINCHINA,JAGUE,VINCHINA
50460282155272,CENTRO DE SALUD PASO SAN ISIDRO,"POR RUTA Nº 72, A 15 KM. DE PAGANCILLO, DOBLAR A LA IZQUIERDA 5 KM. POR CALLE DE TIERRA A 200 MTS. DE LA ENTRADA PRINCIPAL, AL LADO DE LA ESCUELA.","Centro de salud ""A""",Establecimiento para la salud,Provincial,CORONEL FELIPE VARELA,AICUNA,FELIPE VARELA
50460282155052,CENTRO DE SALUD AICUÑA,"INGRESANDO POR RUTA Nº 40, EN EL PARAJE LAS HIGUERITAS, INGRESANDO A AICUÑA, POR CALLE PRINCIPAL, A 300 MTS. DE LA PLAZA, EN LA LOMA AL LADO DE CABINA TELEFÓNICA","Centro de salud ""A""",Establecimiento para la salud,Provincial,CORONEL FELIPE VARELA,AICUNA,FELIPE VARELA
50460282155195,CENTRO DE SALUD SANTA CLARA,"CALLE EMETERIO LAUSTRE S/N, INGRESANDO POR RUTA PROVINCIAL Nº 40, EDIFICIO BLANCO CON REJAS VERDES, ATRÁS DE IGLESIA, FRENTE DE PLAZA PRINCIPAL.","Centro de salud ""A""",Establecimiento para la salud,Provincial,CORONEL FELIPE VARELA,AICUNA,FELIPE VARELA
50460562155534,CENTRO DE SALUD ALCAZAR,SOBRE RUTA PROVINCIAL Nº 29 A 3 KM DE MONUMENTO DE LA VIRGENCITA,"Centro de salud ""A""",Establecimiento para la salud,Provincial,GENERAL ANGEL V. PEÑALOZA,PUNTA DE LOS LLANOS,A. V. PEÑALOZA
50460772155183,CENTRO DE SALUD RIVADAVIA,"INGRESANDO POR RUTA PROVINCIAL Nº 76 DE BELLA VISTA, A 2 KM. POR LA MISMA RUTA, DOBLANDO A LA DERECHA","Centro de salud ""A""",Establecimiento para la salud,Provincial,GENERAL LAMADRID,VILLA CASTELLI,LAMADRID
50460422155105,CENTRO DE SALUD ANGUINAN,LOC. ANGUINAN,"Centro de salud ""A""",Establecimiento para la salud,Provincial,CHILECITO,COLONIA ANGUINAN,CHILECITO
50460982155277,CENTRO DE SALUD VALLE HERMOSO - VINCHINA,"SOBRE EL ESTE DE VINCHINA, CAMINO DE TIERRA, LIMITE CON CATAMARCA, AL LADO DE ESCUELA PRINCIPAL","Centro de salud ""A""",Establecimiento para la salud,Provincial,VINCHINA,JAGUE,VINCHINA
50460492155123,CENTRO DE SALUD SANTO DOMINGO,LOC. SANTO DOMINGO,"Centro de salud ""A""",Establecimiento para la salud,Provincial,FAMATINA,SANTO DOMINGO,FAMATINA
50460422155483,CENTRO DE SALUD MALLIGASTA,LOC. MALLIGASTA,"Centro de salud ""A""",Establecimiento para la salud,Provincial,CHILECITO,MALLIGASTA,CHILECITO
50460842155479,CENTRO DE SALUD LOS AGUIRRES,LOC. LOS AGUIRRES,"Centro de salud ""A""",Establecimiento para la salud,Provincial,GENERAL OCAMPO,AMBIL,GRAL. OCAMPO
50460212155140,CENTRO DE SALUD CHUQUIS,"CALLE PUBLICA S/N, FRENTE PLAZA PRINCIPAL","Centro de salud ""A""",Establecimiento para la salud,Provincial,CASTRO BARROS,CHUQUIS,CASTRO BARROS
50460422155088,CENTRO DE SALUD GUANCHIN,CALLE JOSÉ JULIO ARGAÑARAZ S/N,"Centro de salud ""A""",Establecimiento para la salud,Provincial,CHILECITO,GUANCHIN,CHILECITO
50460422155109,CENTRO DE SALUD POMAN,LOC. CHILECITO,"Centro de salud ""A""",Establecimiento para la salud,Provincial,CHILECITO,CHILECITO,CHILECITO
50460632155518,CENTRO DE SALUD BALDES DE PACHECO,LOC. BALDES DE PACHECO,"Centro de salud ""A""",Establecimiento para la salud,Provincial,GENERAL BELGRANO,CASTRO BARROS,GRAL. BELGRANO
50460352155200,CENTRO DE SALUD SORMANI,LOC. CHAMICAL,"Centro de salud ""A""",Establecimiento para la salud,Provincial,CHAMICAL,CHAMICAL,CHAMICAL
50460632255505,CENTRO DE INTEGRACION COMUNITARIO OLTA,RUTA 79- BARRIO LOS OLIVARES,"Centro de salud ""A""",Establecimiento para la salud,Municipal,GENERAL BELGRANO,OLTA,OLTA
50460702155114,CENTRO DE SALUD SALANA,"SOBRE RUTA Nº 28, PASANDO LA LOCALIDAD DE PULUCHAN A 10 KM. HACIA EL SUDESTE.","Centro de salud ""A""",Establecimiento para la salud,Provincial,GENERAL JUAN F. QUIROGA,MALANZAN,J. F. QUIROGA
52460212255623,CENTRO DE SALUD AMINGA,"EN INSTALACIONES DEL CIC, INGRESANDO SOBRE RUTA Nº 75, GIRAR A LA IZQUIERDA 10 MTS., FRENTE A LA PLAZA PRINCIPAL","Centro de salud ""A""",Establecimiento para la salud,Provincial,CASTRO BARROS,AMINGA,CASTRO BARROS
50461192155624,CAPS SALICAS,"INGRESANDO SOBRE RUTA PROVINCIAL Nº 40, DESVÍO HACIA LA IZQUIERDA, ACCESO CALLE ASFALTADA, 200 MTS. SOBRE MANO DERECHA, ENTRE 2 INTERSECCIONES DE CALLE PUBLICA","Centro de salud ""A""",Establecimiento para la salud,Provincial,SAN BLAS DE LOS SAUCES,SALICAS - SAN BLAS,SAN BLAS DE LOS S.
50461192155201,CAPS SURIYACO,"INGRESANDO SOBRE RUTA Nº 11, A 200 MTS. DE ESCUELA DE SURIYACO.","Centro de salud ""A""",Establecimiento para la salud,Provincial,SAN BLAS DE LOS SAUCES,SALICAS - SAN BLAS,SAN BLAS DE LOS S.
50460212155190,CENTRO DE SALUD SAN PEDRO,"CALLE PRINCIPAL S/N, INGRESANDO SOBRE RUTA Nº 75 GIRANDO A LA IZQUIERDA, A 3 KM. FRENTE A PLAZA PRINCIPAL","Centro de salud ""A""",Establecimiento para la salud,Provincial,CASTRO BARROS,SAN PEDRO,CASTRO BARROS
50460142155608,SALUD ESCOLAR,CATAMARCA 61,"Centro de salud ""A""",Establecimiento para la salud,Provincial,CAPITAL,LA RIOJA,LA RIOJA
53460142155606,LABORATORIO DE REFERENCIA PROVINCIAL DE CHAGAS,PELAGIO B. LUNA 858,Laboratorio,Establecimiento para la salud sin internación de diagnóstico,Provincial,CAPITAL,LA RIOJA,LA RIOJA
50460072155061,CENTRO DE SALUD ARAUCO,BARRIO INDUSTRIAL A 10 MTS. DE ESCUELA,"Centro de salud ""A""",Establecimiento para la salud,Provincial,ARAUCO,ARAUCO,ARAUCO
50460632155167,CENTRO DE SALUD LOS MOLINOS,"CALLE PRINCIPAL S/N, SOBRE RUTA Nº 75, LA PRIMERA CUADRA FRENTE A LA PLAZA PRINCIPAL, AL LADO DE LA IGLESIA","Centro de salud ""A""",Establecimiento para la salud,Provincial,CASTRO BARROS,LOS MOLINOS,CASTRO BARROS
50461052155160,CAPS LA TORRE,"INGRESANDO SOBRE RUTA Nº 150, ALTURA KM 77, INGRESANDO POR OESTE 2 KM- A 100 MTS. DE ESCUELA PRINCIPAL","Centro de salud ""A""",Establecimiento para la salud,Provincial,INDEPENDENCIA,AMANA,INDEPENDENCIA
50460142155186,CAPS SAN BERNANDO- (CAPITAL),"RUTA PCIAL. Nº 6, A 100 KM. DE CAPITAL","Centro de salud ""A""",Establecimiento para la salud,Provincial,CAPITAL,LA RIOJA,LA RIOJA
50460142155161,CAPS LAS CATAS,"RUTA PCIAL. 5, A 82 KM DE CAPITAL","Centro de salud ""A""",Establecimiento para la salud,Provincial,CAPITAL,LA RIOJA,CAPITAL
50460142155658,SERVICIO PENITENCIARIO PROVINCIAL,PELEGRINI ESTE S/N,"Centro de salud ""A""",Establecimiento para la salud,Provincial,CAPITAL,LA RIOJA,LAS RIOJA
,CENTRO DE SALUD AGUA DE AGUIRRE,AGUA DE AGUIRRE,"Centro de salud ""A""",Sin especificar,Provincial,ROSARIO VERA PEÑALOZA,CHEPES,R. V. PEÑALOZA
50460702155073,CENTRO DE SALUD AGUADITA DE LOS VALDECES,"INGRESANDO SOBRE RUTA 28, APROXIMADAMENTE A 45 KM. ANTES DE LLEGAR A PORTEZUELO, INGRESANDO A 1 KM. A LA IZQUIERDA, EL CPS ESTA UBICADO AL FRENTE DE ESCUELA PRINCIPAL.","Centro de salud ""A""",Sin especificar,Provincial,GENERAL JUAN F. QUIROGA,MALANZAN,J. F. QUIROGA
,CENTRO DE SALUD TASQUIN,"A 15 KM. DE TAMA, CAMINO VECINAL, AL LADO DE ESCUELA","Centro de salud ""A""",Sin especificar,Provincial,GENERAL ANGEL V. PEÑALOZA,PUNTA DE LOS LLANOS,A. V. PEÑALOZA
50460842155538,CENTRO DE SALUD OLPAS RUTA,"SOBRE RUTA Nº 79, LLEGANDO AL CARTEL OLPAS A MANO DERECHA APROXIMADAMENTE A 3 KM. SE ENCUENTRA EL CPS.","Centro de salud ""A""",Sin especificar,Provincial,GENERAL OCAMPO,AMBIL,GRAL. OCAMPO
50460702155165,CENTRO DE SALUD LOMA LARGA,LOC. LOMA LARGA,"Centro de salud ""A""",Sin especificar,Provincial,GENERAL JUAN F. QUIROGA,MALANZAN,J. F. QUIROGA
50460702155174,CENTRO DE SALUD MOLLACO,"SEGUIR 9 KM. HASTA NACATE, APROXIMADAMENTE A 18 KM.","Centro de salud ""A""",Sin especificar,Provincial,GENERAL JUAN F. QUIROGA,MALANZAN,J. F. QUIROGA
,CENTRO DE SALUD LAS HUERTAS,"UBICADO A 35 KM. DE TAMA, CAMINO DE RIPIO, AL LADO DE ESCUELA PRINCIPAL","Centro de salud ""A""",Sin especificar,Provincial,GENERAL ANGEL V. PEÑALOZA,PUNTA DE LOS LLANOS,A. V. PEÑALOZA
50461122155093,CENTRO DE SALUD LA CALERA,"POR RUTA Nº 29, LLEGANDO A CHEPES A 15 KM.","Centro de salud ""A""",Sin especificar,Provincial,ROSARIO VERA PEÑALOZA,CHEPES,R. V. PEÑALOZA
50460912155083,CENTRO DE SALUD CUATRO ESQUINAS,"POR RUTA Nº 79, A 45 KM. SOBRE LA RUTA, EL CPS SE ENCUENTRA SOBRE MANO IZQUIERDA.","Centro de salud ""A""",Sin especificar,Provincial,GENERAL SAN MARTÍN,ULAPES,SAN MARTIN
50460842155537,CENTRO DE SALUD OLPAS CENTRO,"SOBRE RUTA Nº 79, PASANDO EL CARTEL Q INDICA OLPAS RUTA, SEGUIR POR CAMINO LLEGANDO HASTA OLPAS CENTRO.","Centro de salud ""A""",Sin especificar,Provincial,GENERAL OCAMPO,OLPAS,GRAL. OCAMPO
50460072155188,CAPS SAN FRANCISCO,"AV. SAN FRANCISCO S/N, BARRIO SAN FRANCISCO, FRENTE AL DEPOSITO MUNICIPAL","Centro de salud ""A""",Establecimiento para la salud,Provincial,ARAUCO,AIMOGASTA,ARAUCO
10460492155017,HOSPITAL SECCIONAL RAMON CARRILLO,"AV. SAN PEDRO ESQ. 9 DE JULIO, FAMATINA",Hospital,Establecimiento para la salud con internación,Provincial,FAMATINA,FAMATINA,FAMATINA
10460632155014,HOSPITAL LUIS ALDO MOTTA,PELAGIO B. LUNA 256 - OLTA,Hospital,Establecimiento para la salud con internación,Provincial,GENERAL BELGRANO,OLTA,GRAL. BELGRANO
10460282155027,HOSPITAL SECCIONAL PAGANCILLO,"CALLE DOMINGO ORMEÑO S/N, A 2 KM. DE RUTA PROVINCIAL Nº 76, A 250 MTS. DE PLAZA PRINCIPAL.",Hospital,Establecimiento para la salud con internación,Provincial,CORONEL FELIPE VARELA,PAGANCILLO,FELIPE VARELA
10460842155019,HOSPITAL DISTRITAL SANTA RITA DE CATUNA,INDEPENDENCIA Y SAN MARTÍN - CATUNA,Hospital,Establecimiento para la salud con internación,Provincial,GENERAL OCAMPO,SANTA RITA DE CATUNA,GRAL. OCAMPO
10460912155007,HOSPITAL DIEGO CATALAN,25 DE MAYO S/Nº - ULAPES,Hospital,Establecimiento para la salud con internación,Provincial,GENERAL SAN MARTÍN,ULAPES,SAN MARTIN
10461122155036,HOSPITAL ZONAL LUIS PASTEUR,A. V. PEÑALOZA Y SAN JUAN - CHEPES,Hospital,Establecimiento para la salud con internación,Provincial,ROSARIO VERA PEÑALOZA,CHEPES,R. V. PEÑALOZA
10460492155006,HOSPITAL DISTRITAL CAMPANAS,PRINCIPAL S/Nº - CAMPANAS,Hospital,Establecimiento para la salud con internación,Provincial,FAMATINA,CAMPANAS,FAMATINA
10460492155008,HOSPITAL DISTRITAL FLORENCIO RIOS,SANTO DOMINGO S/Nº - PITUIL,Hospital,Establecimiento para la salud con internación,Provincial,FAMATINA,PITUIL,PITUIL
10460982155018,HOSPITAL DISTRITAL LINIDOR R. MARTINEZ,CARLOS S. MENEM S/Nº - Bº LA PLAZA - VINCHINA,Hospital,Establecimiento para la salud con internación,Provincial,VINCHINA,VILLA SAN JOSE DE VINCHINA,VINCHINA
10461122155025,HOSPITAL SECCIONAL RENE FAVALORO,9 DE JULIO S/Nº - DESIDERIO TELLO,Hospital,Establecimiento para la salud con internación,Provincial,ROSARIO VERA PEÑALOZA,DESIDERIO TELLO,R. V. PEÑALOZA
10460422155030,HOSPITAL SECCIONAL SAÑOGASTA,PRINCIPAL S/Nº - Bº LA QUINTA - SAÑOGASTA,Hospital,Establecimiento para la salud con internación,Provincial,CHILECITO,SANOGASTA,CHILECITO
10460352155035,HOSPITAL ZONAL LUIS AGOTE,CONSTANTINO CARBEL Y EL CHACHO - CHAMICAL,Hospital,Establecimiento para la salud con internación,Provincial,CHAMICAL,CHAMICAL,CHAMICAL
14460282155050,HOSPITAL ZONAL EDUARDO S. NEIRA,"SOBRE RUTA Nº 76, CALLE ARENALES Y NICOLÁS DÁVILA",Hospital,Establecimiento para la salud con internación,Provincial,CORONEL FELIPE VARELA,VILLA UNION,FELIPE VARELA
10460492155016,HOSPITAL SECCIONAL PINCHAS,RUTA NACIONA Nº 75 - KM. 72 - PINCHAS,Hospital,Establecimiento para la salud con internación,Provincial,CASTRO BARROS,PINCHAS,CASTRO BARROS
10460702155010,HOSPITAL DISTRITAL EL PORTEZUELO,PÚBLICA S/Nº - EL PORTEZUELO,Hospital,Establecimiento para la salud con internación,Provincial,GENERAL JUAN F. QUIROGA,PORTEZUELO,J. F. QUIROGA
10460562155028,HOSPITAL SECCIONAL DR. RABAGLINO - PUNTA DE LOS LLANOS,PÚBLICA S/Nº - PUNTA DE LOS LLANOS,Hospital,Establecimiento para la salud con internación,Provincial,GENERAL ANGEL V. PEÑALOZA,PUNTA DE LOS LLANOS,A. V. PEÑALOZA
10460422155026,HOSPITAL SECCIONAL NONOGASTA,AV. LIBERTADOR Y J. V. GONZÁLEZ - NONOGASTA,Hospital,Establecimiento para la salud con internación,Provincial,CHILECITO,NONOGASTA,CHILECITO
10460422155032,HOSPITAL SECCIONAL VICTOR A. PEDERNERA -VICHIGASTA,PRINCIPAL Y AV. SAMUEL AVENTURA - VICHIGASTA,Hospital,Establecimiento para la salud con internación,Provincial,CHILECITO,CHILECITO,CHILECITO
10460772155021,HOSPITAL DISTRITAL VILLA CASTELLI,SAN MARTÍN S/Nº - VILLA CASTELLI,Hospital,Establecimiento para la salud con internación,Provincial,GENERAL LAMADRID,VILLA CASTELLI,LAMADRID
10460072155033,HOSPITAL SECCIONAL VILLA MAZAN,PÚBLICA S/Nº - Bº SAN ISIDRO - VILLA MAZÁN,Hospital,Establecimiento para la salud con internación,Provincial,ARAUCO,VILLA MAZAN,ARAUCO
50460142155193,CAPS SAN VICENTE - CAPITAL,AV. J. J. OYOLA Y PAMPLONA,"Centro de salud ""A""",Establecimiento para la salud con internación,Provincial,CAPITAL,LA RIOJA,CAPITAL
50460142155154,CAPS FALDEO DEL VELAZCO SUR,AV ORTIZ DE OCAMPO S/N BARRIO MIS MONTAÑAS,"Centro de salud ""A""",Establecimiento para la salud,Provincial,CAPITAL,LA RIOJA,CAPITAL
50460142155504,CENTRO DE SALUD INTEGRAL Y COMUNITARIO BARRIO SAN MARTÍN,CALLE DEL CARMEN ESQUINA SAN JUAN BARRIO SAN MARTIN,"Centro de salud ""A""",Establecimiento para la salud,Provincial,CAPITAL,LA RIOJA,CAPITAL
50461262155282,CAPS SAN PIO DE PIETRELCINA V DE SANAGASTA,LOC. SANAGASTA,"Centro de salud ""A""",Establecimiento para la salud,Provincial,CAPITAL,LA RIOJA,LA RIOJA
50460422155104,CENTRO DE SALUD MIRANDA,RUTA NACIONAL Nº 40,"Centro de salud ""A""",Establecimiento para la salud,Provincial,CHILECITO,MIRANDA,CHILECITO
50460142155231,CAPS PUERTA DE LA QUEBRADA,AV. RAMÍREZ DE VELASCO KM. 7½ BARRIO PUERTA DE LA QUEBRADA,"Centro de salud ""A""",Establecimiento para la salud,Provincial,CAPITAL,LA RIOJA,CAPITAL
50460142155099,CAPS EL LIBERTADOR,LAS CARRETAS Y PASO DE LOS PATOS BARRIO EL LIBERTADOR,"Centro de salud ""A""",Establecimiento para la salud,Provincial,CAPITAL,LA RIOJA,CAPITAL
53460142155676,"DIRECCIÓN GENERAL DE EMERGENCIA, TRASLADO Y ABLACIÓN (UNIDAD OPERATIVA)",AV. MADRE TERESA DE CALCUTA ESQUINA OLTA,Transporte,Establecimiento para la salud sin internación de tratamiento,Provincial,CAPITAL,LA RIOJA,LA RIOJA
10460422155034,HOSPITAL ZONAL ELEAZAR HERRERA MOTTA,DR. ALBERTO CAVERO 500 - CHILECITO,Hospital,Establecimiento para la salud con internación general,Provincial,CHILECITO,CHILECITO,CHILECITO
10460282155012,HOSPITAL DISTRITAL GUANDACOL,SAN MARTÍN S/Nº - GUANDACOL,Hospital,Establecimiento para la salud con internación,Provincial,CORONEL FELIPE VARELA,GUANDACOL,FELIPE VARELA
50460352155150,CENTRO DE SALUD ROSEDAL,LOC. CHAMICAL,"Centro de salud ""A""",Establecimiento para la salud,Provincial,CHAMICAL,CHAMICAL,CHAMICAL
50460352155284,CENTRO DE SALUD ANGEL VICENTE PEÑALOZA,MALVINAS ARGENTINAS ESQUINA RUTA A POLCO,"Centro de salud ""A""",Establecimiento para la salud,Provincial,CHAMICAL,CHAMICAL,CHAMICAL
10460842155020,HOSPITAL DISTRITAL SEGUNDO B. ROMERO,SAN MARTIN 614 - EL MILAGRO,Hospital,Establecimiento para la salud con internación,Provincial,GENERAL OCAMPO,MILAGRO,GRAL. OCAMPO
50460562155532,CENTRO DE SALUD TUIZON,"INGRESANDO POR RUTA Nº 28, HASTA CORTADA DE RUTA 29, SE INGRESA A PUNTA DE LOS LLANOS, SE SIGUE 200 MTS. DEL HOSPITAL, POR MANO IZQUIERDA AL LADO DE ESCUELA PRINCIPAL.","Centro de salud ""A""",Establecimiento para la salud,Provincial,GENERAL ANGEL V. PEÑALOZA,PUNTA DE LOS LLANOS,A. V. PEÑALOZA
50460842155535,CENTRO DE SALUD AMBIL,LOC. AMBIL,"Centro de salud ""A""",Establecimiento para la salud,Provincial,GENERAL OCAMPO,AMBIL,GRAL. OCAMPO
50460562155516,CENTRO DE SALUD LAS HIGUERAS,"SOBRE SIERRA DE LOS QUINTEROS, A 40 KM. DE TAMA, AL FRENTE DE ESCUELA PRINCIPAL","Centro de salud ""A""",Establecimiento para la salud,Provincial,GENERAL ANGEL V. PEÑALOZA,PUNTA DE LOS LLANOS,LAS HIGUERAS
50460702155204,CENTRO DE SALUD TRES CRUCES,LOS. TRES CRUCES,"Centro de salud ""A""",Establecimiento para la salud,Provincial,GENERAL JUAN F. QUIROGA,MALANZAN,J. F. QUIROGA
50460702155100,CENTRO DE SALUD LOS ALGARROBOS,LOC. LOS ALGARROBOS- CALLE PRINCIPAL S/N,"Centro de salud ""A""",Establecimiento para la salud,Provincial,GENERAL JUAN F. QUIROGA,MALANZAN,MALANZAN
50461122155111,CENTRO DE SALUD EL POTRERO,"A 8 KM. DE PORTEZUELO POR EL ACCESO A MALANZAN, SE GIRA A LA DERECHA, POR LA RUTA QUE VA HACIA TUANI (CAMINO VECINAL) CPS UBICADO EN DIAGONAL A ESCUELA.","Centro de salud ""A""",Establecimiento para la salud,Provincial,GENERAL JUAN F. QUIROGA,MALANZAN,J. F. QUIROGA
50460142155149,CENTRO DE SALUD EL RECREO,"RUTA NAC. 25 SUR, KM 7","Centro de salud ""A""",Establecimiento para la salud,Provincial,CAPITAL,LA RIOJA,CAPITAL
50460142155130,CENTRO DE SALUD CARRANZA,RUTA PROVINCIAL Nº 5 A 100 KM. DE CAPITAL,"Centro de salud ""A""",Establecimiento para la salud,Provincial,CAPITAL,LA RIOJA,CAPITAL
99999999080017,CENTRO DE SALUD LA MARAVILLA,"INGRESANDO SOBRE RUTA PROVINCIAL Nº 40, APROXIMADAMENTE A 5 KM. PARA EL LADO SUR. FUNCIONA EN LA ESCUELA ÂARMANDO QUIROGAÂ","Centro de salud ""A""",Establecimiento para la salud,Provincial,CORONEL FELIPE VARELA,LOS TAMBILLOS,FELIPE VARELA
50461052155176,CENTRO DE SALUD PATQUIA VIEJO,"INGRESANDO SOBRE RUTA Nº 27 HASTA KM 15, DOBLANDO A LA DERECHA 8 KM, AL LADO DE ESCUELA PRINCIPAL","Centro de salud ""A""",Establecimiento para la salud,Provincial,INDEPENDENCIA,AMANA,INDEPENDENCIA
50461052155056,CENTRO DE SALUD AMANA,"INGRESANDO SOBRE RUTA Nº 150, ALTURA KM 65, INGRESAR POR EL LADO OESTE- FRENTE PLAZA PRINCIPAL","Centro de salud ""A""",Establecimiento para la salud,Provincial,INDEPENDENCIA,AMANA,INDEPENDENCIA
50460352155197,CENTRO DE SALUD SANTA LUCIA,LOC. SANTA LUCÍA,"Centro de salud ""A""",Establecimiento para la salud,Provincial,CHAMICAL,CHAMICAL,CHAMICAL
50460142155184,CENTRO DE SALUD SAN ANTONIO,"RUTA PCIAL. 5, KM 73","Centro de salud ""A""",Establecimiento para la salud,Provincial,CAPITAL,LA RIOJA,CAPITAL
50461122155085,CENTRO DE SALUD EL DIVISADERO,"POR RUTA Nº 29 LLEGANDO HASTA CHEPES, POR 9 DE JULIO HASTA BELGRANO, DOBLANDO A MANO DERECHA.","Centro de salud ""A""",Establecimiento para la salud,Provincial,ROSARIO VERA PEÑALOZA,CHEPES,CHEPES
50460142155145,CENTRO DE SALUD EL CANTADERO,RUTA NAC. 38 NORTE KM. 36,"Centro de salud ""A""",Establecimiento para la salud,Provincial,CAPITAL,LA RIOJA,CAPITAL
50460142155233,CENTRO DE SALUD LA ANTIGUA,RUTA Nº 6 KM 120,"Centro de salud ""A""",Establecimiento para la salud,Provincial,CAPITAL,LA RIOJA,VERA BARROS
50460142155241,CENTRO DE SALUD LAS LATAS,RUTA Nº 5 KM 73,"Centro de salud ""A""",Establecimiento para la salud,Provincial,CAPITAL,LA RIOJA,LA RIOJA
50461122155097,CENTRO DE SALUD LA LAGUNA,"POR RUTA Nº 29 A 218 KM. POR MANO IZQUIERDA, A 30 KM. DE CAMINO DE TIERRA.","Centro de salud ""A""",Establecimiento para la salud,Provincial,ROSARIO VERA PEÑALOZA,CHEPES,CHEPES
50460142155147,CENTRO DE SALUD EL QUEBRACHO,RUTA PCIAL. 5 KM. 86,"Centro de salud ""A""",Establecimiento para la salud,Provincial,CAPITAL,LA RIOJA,CAPITAL
50460142155243,CENTRO DE SALUD SAN LORENZO,"RUTA PCIAL. N º 5, A 100 KM DE CAPITAL","Centro de salud ""A""",Establecimiento para la salud,Provincial,CAPITAL,LA RIOJA,CAPITAL
50461122155102,CENTRO DE SALUD MASCASIN,"POR RUTA Nº 29, LLEGANDO A CHEPES, INGRESO A MANO DERECHA","Centro de salud ""A""",Establecimiento para la salud,Provincial,ROSARIO VERA PEÑALOZA,CHEPES,R. V. PEÑALOZA
50460142155245,CENTRO DE SALUD EL CEBOLLAR,"RUTA NAC. 38 NORTE, KM 35","Centro de salud ""A""",Establecimiento para la salud con internación,Provincial,CAPITAL,LA RIOJA,CAPITAL
50461122155116,CENTRO DE SALUD SAN ISIDRO,"POR RUTA Nº 29 LLEGAR HASTA CHEPES, POR 9 DE JULIO HASTA BELGRANO HACIA EL SUR 50 KM.","Centro de salud ""A""",Establecimiento para la salud,Provincial,ROSARIO VERA PEÑALOZA,CHEPES,R. V. PEÑALOZA
50460142155144,CENTRO DE SALUD EL BARREAL,"RUTA PROVINCIAL Nº 6, KM. 80","Centro de salud ""A""",Establecimiento para la salud,Provincial,CAPITAL,LA RIOJA,CAPITAL
50460912155128,CENTRO DE SALUD VILLA NIDIA,"INGRESANDO A ULAPES POR CAMINO DE TIERRA, LLEGANDO AL PARAJE LAS MALVINAS, GIRANDO AL ESTE 30 KM. APROXIMADAMENTE.","Centro de salud ""A""",Establecimiento para la salud,Provincial,GENERAL SAN MARTÍN,ULAPES,SAN MARTIN
50460912155119,CENTRO DE SALUD SAN RAFAEL,"POR RUTA Nº 79, INGRESANDO A ULAPES AL SUR POR CAMINO DE TIERRA A 80 KM. A MANO IZQUIERDA.","Centro de salud ""A""",Establecimiento para la salud,Provincial,GENERAL SAN MARTÍN,ULAPES,SAN MARTIN
50460912155131,CENTRO DE SALUD BAJO HONDO - SAN MARTIN,"POR RUTA Nº 79, A 325 KM. A MANO IZQUIERDA A 300 MTS. A 2 CUADRAS DE ESCUELA PRINCIPAL","Centro de salud ""A""",Establecimiento para la salud,Provincial,GENERAL SAN MARTÍN,ULAPES,SAN MARTIN
50460912155132,CENTRO DE SALUD EL ABRA,"SOBRE RUTA Nº 79, A 10 KM. ANTES DE LLEGAR A ULPES HACIA EL OESTE SE INGRESA 4 KM.","Centro de salud ""A""",Establecimiento para la salud,Provincial,GENERAL SAN MARTÍN,ULAPES,SAN MARTIN
50460842155541,CENTRO DE SALUD ANZULON,"INGRESANDO SOBRE RUTA Nº 79, LLEGANDO A SEÑALIZACIÓN DEL DIQUE ANZULÓN, DOBLANDO HACIA MANO DERECHA APROXIMADAMENTE A 15 KM. SE LLEGA AL CPS.","Centro de salud ""A""",Establecimiento para la salud,Provincial,GENERAL OCAMPO,AMBIL,GRAL. OCAMPO
50460842155539,CENTRO DE SALUD EL QUEMADO,"SIGUIENDO POR LA RUTA Nº 79, LLEGANDO AL CARTEL QUE INDICA LA ENTRADA A EL QUEMADO, SUBIENDO UNA SIERRA QUE LLEGA AL CPS.","Centro de salud ""A""",Establecimiento para la salud,Provincial,GENERAL OCAMPO,AMBIL,GRAL. OCAMPO
50460842155536,CENTRO DE SALUD AGUADITA DE LOS PERALTA,"SOBRE RUTA Nº 79, PASANDO EL CARTEL Q INDICA OLPAS RUTA Y OLPAS CENTRO, SIGUIENDO POR EL MISMO CAMINO SE LLEGA AL CPS AGUADITA, UBICADO AL LADO DE ESCUELA PRINCIPAL.","Centro de salud ""A""",Establecimiento para la salud,Provincial,GENERAL OCAMPO,AMBIL,GRAL. OCAMPO
50460842155542,CENTRO DE SALUD COLONIA ORTIZ DE OCAMPO,"POR RUTA Nº 78, INGRESANDO POR RUTA Nº 79 LLEGANDO AL HOSPITAL DE CATUNA SE DIRIGE POR CAMINO DE TIERRA APROXIMADAMENTE 10 KM. INGRESANDO POR CALLE Nº 3 AL FINAL DE LA MISMA SE ENCUENTRA EL CPS.","Centro de salud ""A""",Establecimiento para la salud,Provincial,GENERAL OCAMPO,COLONIA ORTIZ DE OCAMPO,GRAL. OCAMPO
50460562155515,CENTRO DE SALUD EL MONTE,"SOBRE RUTA N 29 A 9 KM. DE TAMA, UBICADO AL LADO DE ESCUELA PRINCIPAL","Centro de salud ""A""",Establecimiento para la salud,Provincial,GENERAL ANGEL V. PEÑALOZA,PUNTA DE LOS LLANOS,A. V. PEÑALOZA
50460562155514,CENTRO DE SALUD PACATALA,"CAMINO VECINAL, A 25 KM. DE TAMA, CAMINO A SIERRA DE LOS QUINTEROS, A 100 MTS. DE ESCUELA PRINCIPAL","Centro de salud ""A""",Establecimiento para la salud,Provincial,GENERAL ANGEL V. PEÑALOZA,PUNTA DE LOS LLANOS,A. V. PEÑALOZA
50460142155189,CENTRO DE SALUD SAN NICOLAS - VERA BARROS - CAPITAL,"RUTA NAC.Nº 25, A 80 KM DE CAPITAL","Centro de salud ""A""",Establecimiento para la salud,Provincial,CAPITAL,LA RIOJA,CAPITAL
50460142155159,CENTRO DE SALUD LA RAMADITA,RUTA PCIAL. 25 KM. 25,"Centro de salud ""A""",Establecimiento para la salud,Provincial,CAPITAL,LA RIOJA,CAPITAL
50460142155191,CAPS SAN PIO I,CALLE BOGOTA Y REPUBLICA ARGENTINA BARRIO PANAMERICANO,"Centro de salud ""A""",Establecimiento para la salud,Provincial,CAPITAL,LA RIOJA,LA RIOJA
50460142155221,CAPS SAN PIO III,CALLE DEL RIO S/N BARRIO ALUNAI,"Centro de salud ""A""",Establecimiento para la salud,Provincial,CAPITAL,LA RIOJA,CAPITAL
50460142155192,CAPS SAN PIO II,CALLE SANTO DOMINGO Nº 369 BARRIO SAN MARTIN,"Centro de salud ""A""",Establecimiento para la salud,Provincial,CAPITAL,LA RIOJA,CAPITAL
50460142155208,CAPS VIRGEN DE LOS CERROS,AV. COSTANERA Y CALLE 8 - Bº INFANTERÍA,"Centro de salud ""A""",Establecimiento para la salud,Provincial,CAPITAL,LA RIOJA,CAPITAL
50460142155060,CAPS ANTARTIDA ARGENTINA,BAHÍA MARGARITA Y EST. CIENTÍFICA BARRIO ANTÁRTIDA ARGENTINA,"Centro de salud ""A""",Establecimiento para la salud con internación,Provincial,CAPITAL,LA RIOJA,CAPITAL
50460142155091,CAPS JARDIN RESIDENCIAL,PILCOMAYO Y RÍO LIMAY BARIO JARDIN RESIDENCIAL,"Centro de salud ""A""",Establecimiento para la salud,Provincial,CAPITAL,LA RIOJA,CAPITAL
50460142155129,CAPS 20 DE MAYO,GAUCHO RIOJANO ESQUINA JULIO CAMPOS BARRIO 20 DE MAYO,"Centro de salud ""A""",Establecimiento para la salud,Provincial,CAPITAL,LA RIOJA,CAPITAL
50460142155256,CAPS OFELIA BAZAN DE LOZADA - NUEVO ARGENTINO,AV. PATRIA Y PUERTO ARGENTINO,"Centro de salud ""A""",Establecimiento para la salud,Provincial,CAPITAL,LA RIOJA,CAPITAL
50460142155090,CAPS ISLAS MALVINAS,APROXIMADAMENTE CONTINUACION GUIDO SPANA BARRIO ISLAS MALVINAS,"Centro de salud ""A""",Establecimiento para la salud,Provincial,CAPITAL,LA RIOJA,CAPITAL
50460142155071,CAPS BENJAMIN RINCON,CHILE E INDEPENDENCIA BARRIO BENJAMIN RINCON,"Centro de salud ""A""",Establecimiento para la salud,Provincial,CAPITAL,LA RIOJA,CAPITAL
50460142155079,CAPS BENITO MONTOYA,ESPAÑA Y BULNES - Bº EVITA,"Centro de salud ""A""",Establecimiento para la salud,Provincial,CAPITAL,LA RIOJA,CAPITAL
50460142155302,CAPS LA CAÑADA,LLENDO POR AV. CORONEL LAGOS.,"Centro de salud ""A""",Establecimiento para la salud con internación,Provincial,CAPITAL,LA RIOJA,LA RIOJA
50460142155153,CAPS EVA PERON,RUTA PCIAL. 5 KM. 5½,"Centro de salud ""A""",Establecimiento para la salud,Provincial,CAPITAL,LA RIOJA,CAPITAL
50460142155254,CAPS RAMON CARRILLO,CALLE 11 DE AGOSTO S/N BARRIO JOSE I. RUCCI,"Centro de salud ""A""",Establecimiento para la salud,Provincial,CAPITAL,LA RIOJA,LA RIOJA
10460142155023,HOSPITAL ZONAL ENRIQUE VERA BARROS,OLTA Y 24 DE SEPTIEMBRE BARRIO HOSPITAL - LA RIOJA,Hospital,Establecimiento para la salud con internación especializada,Provincial,CAPITAL,LA RIOJA,LA RIOJA
12460142955303,HOSPITAL DE LA MADRE Y EL NIÑO (LA RIOJA )- CAPITAL,1 DE MARZO - ENTRE PUBLICA Y CHILE,Hospital,Establecimiento para la salud con internación especializada,Provincial,CAPITAL,LA RIOJA,LA RIOJA
10461052155029,HOSPITAL SECCIONAL SANTA ROSA DE LIMA - PATQUIA,CALLE 9 DE JULIO S/N - PATQUÍA,Hospital,Establecimiento para la salud con internación,Provincial,INDEPENDENCIA,PATQUIA,INDEPENDENCIA
10460142155031,HOSPITAL SECCIONAL TERESA DE LA CRUZ HERRERA - SANAGASTA,SARMIENTO S/Nº - SANAGASTA,Hospital,Establecimiento para la salud con internación,Provincial,SANAGASTA,VILLA SANAGASTA,SANAGASTA
10460072155037,HOSPITAL ZONAL SAN NICOLAS,CASIMIRO GODOY S/Nº - AIMOGASTA,Hospital,Establecimiento para la salud con internación,Provincial,ARAUCO,AIMOGASTA,ARAUCO
50460142155283,CAPS YACAMPIS,AV. YACAMPIS ESQ. PROYECTADA BARRIO YACAMPIS,"Centro de salud ""A""",Establecimiento para la salud,Provincial,CAPITAL,LA RIOJA,LA RIOJA
53460142155663,CAPS CARLOS MENEM JUNIOR,AVENIDA LAS PALMERAS S/N,"Centro de salud ""A""",Establecimiento para la salud sin internación de diagnóstico y tratamiento,Provincial,CAPITAL,LA RIOJA,LA RIOJA
